id,text,estimated_label
1,ور بی تو بامداد کنم روز محشر است,saadi
2,ساقی بیار جامی کز زهد توبه کردم,hafez
3,مرا هرآینه خاموش بودن اولی‌تر,saadi
4,تو ندانی که چرا در تو کسی خیره بماند,saadi
5,کاینان به دل ربودن مردم معینند,saadi
6,جان باختن آسان است اندر نظرت لیکن,saadi
7,گر خاک پای دوست خداوند شوق را,saadi
8,بی تو در دامن گلزار نخفتم یک شب,saadi
9,پرده بردار که هوش از تن عاقل برود,saadi
10,چرا نه در پی عزم دیار خود باشم,hafez
11,که زندگانی او در هلاک بودن اوست,saadi
12,که نه هر کو ورقی خواند معانی دانست,hafez
13,زلف آشفته و خوی کرده و خندان لب و مست,hafez
14,نسیم موی تو پیوند جان آگه ماست,hafez
15,من همان روز که روی تو بدیدم گفتم,saadi
16,اری اسامر لیلای لیله القمر,hafez
17,تو وفا گر کنی و گر نکنی,saadi
18,سودا مپز که آتش غم در دل تو نیست,saadi
19, سخت زیبا می‌روی یک بارگی,saadi
20,اگر چه رسم خوبان تندخوییست,hafez
21,کز حدیث من و حسن تو خبر می‌نرود,saadi
22,ای پسر جام می‌ام ده که به پیری برسی,hafez
23,بیا و گر همه دشنام می‌دهی شاید,saadi
24,من ترک وصال تو نگویم,saadi
25,نفسی بیا و بنشین سخنی بگوی و بشنو,saadi
26,سنگسان شو در قدم نی همچو آب,hafez
27,سر تا قدم وجود حافظ,hafez
28,گفتم ای غافل نبینی کوه با چندین وقار,saadi
29,راه ز پیش و دل ز پس واقعه‌ایست مشکلم,saadi
30,من تنک پوست نگفتم تو چنین سخت کمانی,saadi
31,غرقه حالی دست و پایی می‌زند,saadi
32,که هر که با تو به خلوت بود نه تنهاییست,saadi
33,من به خیال زاهدی گوشه‌نشین و طرفه آنک,hafez
34,سعدیا تسلیم فرمان شو که نیست,saadi
35,زانجا که پرده پوشی عفو کریم توست,hafez
36,در انتظار رویت ما و امیدواری,saadi
37,با محتسبم عیب مگویید که او نیز,saadi
38,جام مینایی می سد ره تنگ دلیست,hafez
39,زخم شمشیر غمت را ننهم مرهم کس,saadi
40,خطاست این که دل دوستان بیازاری,saadi
41,لیکن مجال گفت نباشد تو در سخن,saadi
42,کآیینه‌ایست جام جهان بین که آه از او,hafez
43,خود نبود و گر بود تا به قیامت آزری,saadi
44,دانند که در خرمن من بیشتر افتاد,saadi
45,جان از تو عزیزتر نباشد,saadi
46,هر دل که ز عشق توست خالی,saadi
47,گفت آن روز که این گنبد مینا می‌کرد,hafez
48,نزدی شاه رخ و فوت شد امکان حافظ,hafez
49,به یاد شخص نزارم که غرق خون دل است,hafez
50,بده ساقی می باقی که در جنت نخواهی یافت,hafez
51,تا به تماشای باغ میل چرا می‌کند,saadi
52,گفتم که نوش لعلت ما را به آرزو کشت,hafez
53,هر گلی بلبلی غزل خوان داشت,hafez
54,رهروی باید جهان سوزی نه خامی بی‌غمی,hafez
55, کس این کند که دل از یار خویش بردارد,saadi
56,میان این همه خواهندگان به من چه رسد,saadi
57,غرض ز مسجد و میخانه‌ام وصال شماست,hafez
58,یا شنیدی که در وجود آمد,saadi
59,بگذر از نام و ننگ خود حافظ,hafez
60,که همه عمر نه مشتاق لقای تو بود,saadi
61,گل ز حد برد تنعم نفسی رخ بنما,hafez
62,دیدار تو حل مشکلات است,saadi
63,به عشوه هم پیامی بر سر بیمار می‌آورد,hafez
64,وه که گر من بازبینم روی یار خویش را,saadi
65,وز لوح سینه نقشت هرگز نگشت زایل,hafez
66,تیری که زدی بر دلم از غمزه خطا رفت,saadi
67,عاقلان نقطه پرگار وجودند ولی,hafez
68,سرزنشها گر کند خار مغیلان غم مخور,hafez
69,اشتر که اختیارش در دست خود نباشد,saadi
70,آن جا که کار صومعه را جلوه می‌دهند,hafez
71,مجال من همین باشد که پنهان عشق او ورزم,saadi
72,گفته بودم که دل به کس ندهم,saadi
73,مگر کسی ز توام مژده‌ای فرازآرد,saadi
74, دوش از جناب آصف پیک بشارت آمد,hafez
75,نماز شام غریبان چو گریه آغازم,hafez
76,خار ار چه جان بکاهد گل عذر آن بخواهد,saadi
77,دیدم امروز بر زمین قمری,saadi
78,بدان هوس که به مستی ببوسم آن لب لعل,hafez
79,کآخر نداند بیش از این یا می‌کشد یا می‌برد,saadi
80,از لبش بوسی گدایی می‌کند,hafez
81,تو دم فقر ندانی زدن از دست مده,hafez
82,چو آتشیت نباشد چگونه برجوشی,saadi
83,که قیامت رسد این رشته به هم یا نرسد,saadi
84,پیرهن چاک و غزل خوان و صراحی در دست,hafez
85,تحمل می‌کنم با زخم چون مرهم نمی‌بینم,saadi
86,و از رشک چشم نرگس رعنا به خواب کن,hafez
87,سعدی به دام عشق تو در پای بند ماند,saadi
88,طاووس عرش می‌شنود صیت شهپرم,hafez
89,به جان و سر که نگردانم از وصال تو روی,saadi
90,گر تو با ما خوش درآیی ما از آن آسوده‌ایم,saadi
91,دوستان را قبای فتح دهیم,hafez
92,جامم به دست باشد و زلف نگار هم,hafez
93, عهد کردیم که بی دوست به صحرا نرویم,saadi
94,چنان ببست که ره نیست زیر دیر مغاک,hafez
95,جای تصور نماند دیگرم اندر ضمیر,saadi
96,گر می به جان دهندت بستان که پیش دانا,saadi
97,در این جهان ز برای دل رهی آورد,hafez
98,شکایت پیش از این حالت به نزدیکان و غمخواران,saadi
99,آیینه‌ای ندارم از آن آه می‌کشم,hafez
100,من درخور تو چه تحفه آرم,saadi
101,تا پیشترت بوسه دهم دست و کمان را,saadi
102,دلق و سجاده ناموس به میخانه فرست,hafez
103,شاخکی تازه برآورد صبا بر لب جوی,saadi
104,طالب چشمه خورشید درخشان نشود,hafez
105,تو می‌باید که باشی ور نه سهل است,saadi
106,انصاف شاه باد در این قصه یاورم,hafez
107,دوشم آن سنگ دل پریشان داشت,saadi
108,کو راهروی اهل دلی پاک سرشتی,hafez
109,گوییا باور نمی‌دارند روز داوری,hafez
110,ورم ز دست ملامت به جان بگردانی,saadi
111, من چون تو به دلبری ندیدم,saadi
112,خوش حلقه‌ایست لیک به در نیست راه از او,hafez
113,خلوت گزیده را به تماشا چه حاجت است,hafez
114,ای سخت کمان سست پیمان,saadi
115,جگر چون نافه‌ام خون گشت کم زینم نمی‌باید,hafez
116,کلک تو خوش نویسد در شان یار و اغیار,hafez
117,ضرورت است که گوید به سرو ماند راست,saadi
118,سایه دولت بر این کنج خراب انداختی,hafez
119,اگر آن طایر قدسی ز درم بازآید,hafez
120,ترک عاشق کش من مست برون رفت امروز,hafez
121,بباختم دل دیوانه و ندانستم,hafez
122, مژده وصل تو کو کز سر جان برخیزم,hafez
123,نهاده‌ایم مگر او به تیغ بردارد,hafez
124,ما سر اینک نهاده‌ایم به طوع,saadi
125,همی‌برند به عالم چو نافه ختنی,saadi
126,هر چه گفتیم در اوصاف کمالیت او,saadi
127,کس ندانم که به جان در طلبش پویان نیست,saadi
128, دوست می‌دارم من این نالیدن دلسوز را,saadi
129,آن که در دامنش آویخته باشد خاری,saadi
130,عاجز بماند در تو زبان فصاحتش,saadi
131, آمد گه آن که بوی گلزار,saadi
132,به دوستی که غلط می‌برد گمان ای دوست,saadi
133,نمی‌دانم رطب را چاشنی چیست,saadi
134,هرگزم نقش تو از لوح دل و جان نرود,hafez
135,مژدگانی بده ای نفس که سختی بگذشت,saadi
136,که نه خاطر تماشا نه هوای باغ دارد,saadi
137,تو را خود یک زمان با ما سر صحرا نمی‌باشد,saadi
138,یا رب هلاک من مکن الا به دست دوست,saadi
139,یا به خضاب و سرمه‌ای یا به عبیر و عنبری,saadi
140,دیدار خوبان اختیار از دست دانا می‌برد,saadi
141,ابروش کمان قتل عاشق,saadi
142,مرا گر دوستی با او به دوزخ می‌برد شاید,saadi
143,زمانه از ورق گل مثال روی تو بست,hafez
144,مرو به خواب که حافظ به بارگاه قبول,hafez
145,در میان پختگان عشق او خامم هنوز,hafez
146,پیکی ندوانید و سلامی نفرستاد,hafez
147,عبیرآمیز می‌آید شمالش,hafez
148,همای اوج سعادت به دام ما افتد,hafez
149, ای مرهم ریش و مونس جانم,saadi
150,به دست جور و جفا گوشمال داده بسی,saadi
151,دلم ز نرگس ساقی امان نخواست به جان,hafez
152,غم دل با تو نگویم که ندانی دردم,saadi
153,عشقت رسد به فریاد ار خود به سان حافظ,hafez
154,که التفات بود بر جهان و بر جانش,saadi
155,به گدایی ز در میکده زادی طلبیم,hafez
156, گر کسی سرو شنیدست که رفتست اینست,saadi
157,از شمع بپرسید که در سوز و گداز است,hafez
158,سری دارم مهیا بر کف دست,saadi
159,به تیغ می‌زد و می‌رفت و باز می‌نگریست,saadi
160,و گر در رنج سعدی راحت توست,saadi
161,امشب نظر به روی تو از خواب خوشترست,saadi
162,هش دار که گر وسوسه عقل کنی گوش,hafez
163,نمودی چند بار از خود که حافظ عهد و پیمانم,saadi
164,نسبت دوست به هر بی سر و پا نتوان کرد,saadi
165,بر در میکده می کن گذری بهتر از این,hafez
166,چندی به پای رفتم و چندی به سر شدم,saadi
167,چشم مخمور تو دارد ز دلم قصد جگر,hafez
168,هزار بار بگفتم که چشم نگشایم,saadi
169,گر مرا عشقت به سختی کشت سهل است این قدر,saadi
170,حافظ ار در گوشه محراب می‌نالد رواست,hafez
171,نشانی زان پری تا در خیال است,hafez
172,در وفای عشق تو مشهور خوبانم چو شمع,hafez
173, ای روی ماه منظر تو نوبهار حسن,hafez
174,تا چند باشیم از بی نصیبان,saadi
175,کجا روم که دلم پای بند مهر کسیست,saadi
176,که تا قیامت از این آستان بگردانی,saadi
177,چرا که وعده تو کردی و او به جا آورد,saadi
178,شکر ایزد که ز تاراج خزان رخنه نیافت,hafez
179,غزل گفتی و در سفتی بیا و خوش بخوان حافظ,hafez
180,زهی خجالت مردم چرا به سر ندویدم,hafez
181,سعدی چو گرفتار شدی تن به قضا ده,saadi
182,صبا تو نکهت آن زلف مشک بو داری,hafez
183,خدا را ای رقیب امشب زمانی دیده بر هم نه,hafez
184,وجود مرده از آن آب جانور می‌گشت,saadi
185,دیوانه شده دوان به هر سوی,saadi
186,کز وی هزار سوز مرا در جگر فتاد,saadi
187,روزی چو پادشاهان خواهم که برنشینی,saadi
188,وز جانب او عزیزتر نیست,saadi
189,گفتی که چون من در زمی دیگر نباشد آدمی,saadi
190, حدیث یا شکرست آن که در دهان داری,saadi
191,ز توبه خانه تنهایی آمدم بر بام,saadi
192,همه کس را نتوان گفت که بینایی هست,saadi
193,بنده وارت به سلام آیم و خدمت بکنم,hafez
194,دیدار دوستان که ببینند مرهمست,saadi
195,نازنین‌تر ز قدت در چمن ناز نرست,hafez
196,ما به یک شربت چنین بیخود شدیم,saadi
197,غم دنیای دنی چند خوری باده بخور,hafez
198,حافظ ار جان طلبد غمزه مستانه یار,hafez
199,گر جان طلبی فدای جانت,saadi
200,من دست نخواهم برد الا به سر زلفت,saadi
201, درخت دوستی بنشان که کام دل به بار آرد,hafez
202,رها کن راه بدعهدی و اندر عهد ایشان آی,saadi
203,سرو ندیدم بدین صفت متمایل,saadi
204,گوش بر ناله مطرب کن و بلبل بگذار,saadi
205,باور از بخت ندارم که تو مهمان منی,saadi
206,کیمخت خارپشت ز سنجاب خوشترست,hafez
207,هم آتشی زده‌ای تا نفیر می‌آید,saadi
208,آرزومند کعبه را شرط است,saadi
209,مرا تو بر سر آتش نشانده‌ای عجب آنک,saadi
210,عجب می‌دارم از هامون که چون دریا نمی‌باشد,saadi
211,زشت نتوان گفت زیبا می‌کند,saadi
212,خجسته روز کسی کز درش تو بازآیی,saadi
213,رویی نتوان گفت که حسنش به چه ماند,saadi
214,ز مروارید گوشم در جهان به,hafez
215,دگر ز منزل جانان سفر مکن درویش,hafez
216,گیرند مردم دوستان نامهربان و مهربان,saadi
217,به بوی او دل بیمار عاشقان چو صبا,hafez
218,سرمست بتی لطیف ساده,saadi
219,در شب هجران مرا پروانه وصلی فرست,hafez
220,ببین که تا به چه حدم همی‌کند تحمیق,hafez
221,وین برکشیده گنبد نیلی حصار هم,hafez
222,حافظ آن ساعت که این نظم پریشان می‌نوشت,hafez
223,از آن طرف نپذیرد کمال او نقصان,saadi
224,نه آن چنان به تو مشغولم ای بهشتی رو,saadi
225,نه یاری سست پیمان است سعدی,saadi
226,تو چنان در دل من رفته که جان در بدنی,saadi
227,شب بر آنم که مگر روز نخواهد بودن,saadi
228,به کسی نگر که ظلمت بزداید از وجودت,saadi
229,زاهد از کوچه رندان به سلامت بگذر,hafez
230,چو بت به کعبه نگونسار بر زمین افتد,saadi
231,به ضرورت جفای او ببریم,saadi
232,نظری به لشکری کن که هزار خون بریزی,saadi
233,این یک دو دم که مهلت دیدار ممکن است,saadi
234,برسانش ز من ای پیک صبا پیغامی,hafez
235,روزی به نماز دیگر آورد,saadi
236,می‌ای دارم چو جان صافی و صوفی می‌کند عیبش,hafez
237,گر دست رسد در سر زلفین تو بازم,hafez
238,که گفته است که صد دل به غمزه‌ای ببری,saadi
239,ای خضر حلالت نکنم چشمهٔ حیوان,saadi
240,به بال و پر مرو از ره که تیر پرتابی,hafez
241,ابروی یار در نظر و خرقه سوخته,hafez
242,کنون امید بخشایش همی‌دارم که مسکینم,saadi
243,آه من باد به گوش تو رساند هرگز,hafez
244,درویش را نباشد برگ سرای سلطان,saadi
245,ای دل به کوی عشق گذاری نمی‌کنی,hafez
246,کاین همه شور در جهان انداخت,saadi
247,حافظ نه حد ماست چنین لاف‌ها زدن,hafez
248,چون روی تو دلفریب و دلبند,saadi
249,که دیر مست شود هر که می خورد به دوام,hafez
250,که سحرگه شکفتنم هوس است,hafez
251,وان که این مجلس نجوید زندگی بر وی حرام,hafez
252,شادی مجلسیان در قدم و مقدم توست,hafez
253,که دل به غمزه خوبان مده که سنگ و سبوست,saadi
254,دیدار در حجاب و معانی برابر است,saadi
255,چرا و چون نرسد بندگان مخلص را,saadi
256,ای برادر که حال ما دگر است,saadi
257,دلیل روی تو هم روی توست سعدی را,saadi
258,می بهشت ننوشم ز دست ساقی رضوان,hafez
259,روشنت گردد این حدیث چو روز,saadi
260,چو بر در تو من بینوای بی زر و زور,hafez
261,به جان دوست که در اعتقاد سعدی نیست,saadi
262,در مذهب طریقت خامی نشان کفر است,hafez
263,که نام قند مصری برد آنجا,hafez
264,غم و اندیشه در آن دایره هرگز نرود,saadi
265,دور فلکی یک سره بر منهج عدل است,hafez
266,با طینت اصلی چه کند بدگهر افتاد,hafez
267, شب عاشقان بی‌دل چه شبی دراز باشد,saadi
268,تا ظن برم که روی تو ماه است یا پری,saadi
269,مطربا پرده بگردان و بزن راه عراق,hafez
270,از گفته کمال دلیلی بیاورم,hafez
271,شکر خدا که هر چه طلب کردم از خدا,hafez
272, خوشا دلی که مدام از پی نظر نرود,hafez
273,ور به میدان می‌روی از تیرباران برمگرد,saadi
274,دست گیر این پنج روزم در حیات,saadi
275, رفتی و نمی‌شوی فراموش,saadi
276,باشد که غلام خویشتن خوانی,saadi
277,دیده به سوی دیگری دارم و دل به سوی او,saadi
278,گر چه ماه رمضان است بیاور جامی,hafez
279,زلف سنبل به نسیم سحری می‌آشفت,hafez
280,گر بهاری باز باشد لیس بعد الورد برد,saadi
281,موضع ناز است و غرور ای صنم,saadi
282,جفای پرده درانم تفاوتی نکند,saadi
283,آفتاب از منظر افتد در رواق,hafez
284,تو ز ما فارغ و ما از تو پریشان تا چند,saadi
285,من این طمع نکنم کز تو کام برگیرم,saadi
286,ساقی بده آن کوزهٔ خمخانه به درویش,saadi
287,چشم و ابروی تو زیبا قد و بالای تو خوش,saadi
288,رنج‌هایی کشیده‌ام که مپرس,hafez
289,تو آهو چشم نگذاری مرا از دست تا آن گه,saadi
290,کمند سعدی اگر شیر شرزه صید کند,saadi
291,زین بیشتر بباید بر هجرت احتمالی,saadi
292,این باد بهار بوستان است,saadi
293,گوییا بر من از بهشت خدای,saadi
294,نبود چنگ و رباب و نبید و عود که بود,hafez
295,امسال کار من بتر از پار بنگرید,saadi
296,هر پاره از دل من و از غصه قصه‌ای,saadi
297,دگر به گوش فراموش عهد سنگین دل,saadi
298,نفسی تزول عاقبة الامر فی الهوی,saadi
299,برگ نوا تبه شد و ساز طرب نماند,hafez
300,بیا ای دوست ور دشمن ببیند,saadi
301,مگر به روی دلارای یار ما ور نی,saadi
302,دلبر از ما به صد امید ستد اول دل,hafez
303,من اگر هزار خدمت بکنم گناهکارم,saadi
304,گر همه عمر نداده‌ست کسی دل به خیال,saadi
305,تاب وغا نیاورد قوت هیچ صفدری,saadi
306,آواز سؤال حیرت آمد,hafez
307,آفت دور سمایی می‌کند,saadi
308,چه حاجت است بگوید شکر که شیرینم,saadi
309,تو را رسد که غلامان ماه رو داری,saadi
310,گفتم ز لعل نوش لبان پیر را چه سود,hafez
311,نهادم عقل را ره توشه از می,hafez
312,فقیر از رقص در حالت خطیب از می خرابستی,saadi
313,در غم افزوده‌ام آنچ از دل و جان کاسته‌ام,hafez
314,بیچاره در هلاک تن خویشتن عجول,saadi
315,محبت بر محبت می‌فزایی,saadi
316,نخوت باد دی و شوکت خار آخر شد,hafez
317,چندین که برشمردم از ماجرای عشقت,saadi
318,دوش دور از رویت ای جان جانم از غم تاب داشت,hafez
319,گنج زر گر نبود کنج قناعت باقیست,hafez
320,سر مکش تا نکشد سر به فلک فریادم,hafez
321,که دوستی و ارادت هزار چندان است,saadi
322,قیاس کن که دلم را چه تیر عشق رسید,saadi
323,که رستگاری جاوید در کم آزاریست,hafez
324,همای زلف شاهین شهپرت را,hafez
325,سر گیسوی تو در هیچ سری نیست که نیست,saadi
326,خون شد دل من ندیده کامی,saadi
327,خواب می‌گیرد و شهری ز غمت بیدارند,saadi
328,برقع فروهلد به جمال آفتاب را,saadi
329,سخت کمان چه غم خورد گر تو ضعیف جوشنی,saadi
330,غبار خط بپوشانید خورشید رخش یا رب,hafez
331,کارم چو زلف یار پریشان و درهمست,saadi
332,چون دل ببردی دین مبر هوش از من مسکین مبر,saadi
333,به ترکستان رویش خال هندو,saadi
334,تا به خلوتگه خورشید رسی چرخ زنان,hafez
335,بعد از این خرقه صوفی به گرو نستانند,hafez
336,ما و دردی کشان مجلس درد,saadi
337,جرم بیگانه نباشد که تو خود صورت خویش,saadi
338, نوبهار است در آن کوش که خوشدل باشی,hafez
339,با همه پادشهی بنده تورانشاهم,hafez
340,صاحب نظران لاف محبت نپسندند,saadi
341,به سخن باز نمی‌باشد و چشم از نازش,saadi
342,با رستم دستان بزند هر که درافتاد,saadi
343,گوش کن پند ای پسر وز بهر دنیا غم مخور,hafez
344,باک از جفای دشمن و جور رقیب نیست,saadi
345,زان گه که عشق دست تطاول دراز کرد,hafez
346,زحمت ببرد ز پیش ایوان,hafez
347,کس نداند که نهان می‌سوزم,saadi
348,جرمش این بود که اسرار هویدا می‌کرد,hafez
349,توبه صوفی به زیان آوری,saadi
350,خود را لطافتی و جمالی نیافته,saadi
351,به زیر دلق ملمع کمندها دارند,hafez
352,و آهنگ بازگشت به راه حجاز کرد,hafez
353,در حضرت کریم تمنا چه حاجت است,hafez
354,که به یک دل دو دوست نتوان داشت,saadi
355,وآن شکن برشکن قبائل زلف,saadi
356,که حال ما نه چنین بودی ار چنان بودی,saadi
357,هر روزش از گریبان سر برنکرد ماهی,saadi
358,بینی که چه گرم آتش در سوخته می‌گیرد,saadi
359,گر کند انعام او در من مسکین نگاه,saadi
360,خلاص بخش خدایا همه اسیران را,hafez
361,بسیار دیده‌ایم درختان میوه‌دار,saadi
362,پای ما لنگ است و منزل بس دراز,hafez
363,نکته‌ها رفت و شکایت کس نکرد,hafez
364,گل عزیز است غنیمت شمریدش صحبت,hafez
365,که عاشقان ره بی‌همتان به خود ندهند,hafez
366,سعدی اگر خون و مال صرف شود در وصال,saadi
367,به عاشقان نظری کن به شکر این نعمت,saadi
368,ساقیا برخیز و درده جام را,hafez
369,همچنان عذرت بباید خواستن تقصیر را,saadi
370,رقیبم سرزنش‌ها کرد کز این باب رخ برتاب,saadi
371,سعدیا زنده عارفی باشی,saadi
372,مردم بیگانه را خاطر نگه دارند خلق,saadi
373,گرم ترانه چنگ صبوح نیست چه باک,hafez
374,هر عهد که بستم هوسی بود و هوایی,saadi
375,گر نه شیرین نمک پراکندی,saadi
376, شادی به روزگار گدایان کوی دوست,saadi
377,بند پایی که به دست تو بود تاج سر است,saadi
378,بیرون نمی‌توان کرد الا به روزگاران,saadi
379,چند پوید به هوای تو ز هر سو حافظ,hafez
380,صورتی دارد ولی جانیش نیست,saadi
381,کارم ز دست رفت و نیامد به دست یار,saadi
382,دیگر چو شب نزدیک شد چون زلف در پا می‌برد,saadi
383,روان روشن سعدی که شمع مجلس توست,saadi
384,باشد که تفرج بکنم دست و کمانت,saadi
385,ز بانگ رود و آوای سرودم,saadi
386,اهل دل داند که تا زخمی نخورد آهی نکرد,saadi
387,شربتی تلختر از زهر فراقت باید,saadi
388,زبان کلک تو حافظ چه شکر آن گوید,hafez
389,که ره از صومعه تا دیر مغان این همه نیست,hafez
390,که در آن کوی چو من کشته بسی افتاده‌ست,saadi
391,نباشد بر سر سرو آفتابی,saadi
392,گر به شکار آمده‌ست دولت نخجیر او,saadi
393,شاهدان گر دلبری زین سان کنند,hafez
394,دوش بی روی تو آتش به سرم بر می‌شد,saadi
395,تا به هر غمزه‌ای دلی ببری,saadi
396,خار بردارم اگر دست به خرما نرسد,saadi
397,ور دوست دست می‌دهدت هیچ گو مباش,saadi
398,سخن سعدی بشنو که تو خود زیبایی,saadi
399,وقت آن آمد که خوش باشد کنار سبزه جوی,hafez
400,که آفت‌هاست در تاخیر و طالب را زیان دارد,saadi
401,گر دیگران به منظر زیبا نظر کنند,saadi
402,روی و ریای خلق به یک سو نهاده‌ایم,hafez
403,نچمی که شاخ طوبی به ستیزه برنریزد,saadi
404,که مهرش در میان جان و مهرش بر دهان باشد,saadi
405,نقش غلط مبین که همان لوح ساده‌ایم,hafez
406, وقت‌ها یک دم برآسودی تنم,saadi
407,عهد ما با لب شیرین دهنان بست خدا,hafez
408,که خوش است عیش مردم به روایح عبیرم,hafez
409,ما خوشه چین خرمن اصحاب دولتیم,saadi
410, صبح است ساقیا قدحی پرشراب کن,hafez
411,مرا رسد که برآرم هزار ناله چو بلبل,saadi
412,اگر نه باده غم دل ز یاد ما ببرد,hafez
413,گو غنیمت شمار صحبت ما,hafez
414,قبای اطلس آن کس که از هنر عاریست,hafez
415,مگسی کجا تواند که بیفکند عقابی,saadi
416,رندی و هوسناکی در عهد شباب اولی,hafez
417,بیا بیا که غلام توام بیا ای دوست,hafez
418,زمین به اختر میمون و طالع مسعود,hafez
419,کمال سر محبت ببین نه نقص گناه,saadi
420,کاین پای لایقست که بر چشم ما رود,saadi
421,که بر وی این همه باران شوق می‌بارم,saadi
422,فردا که شوم خاک چه سود اشک ندامت,hafez
423,ای گوی حسن برده ز خوبان روزگار,saadi
424,آن که بی جرم برنجید و به تیغم زد و رفت,hafez
425,چون به خلوت می‌روند آن کار دیگر می‌کنند,hafez
426,زین معما هیچ دانا در جهان آگاه نیست,hafez
427,سعدی از سرزنش خلق نترسد هیهات,saadi
428,بازآید و برهاندم از بند ملامت,hafez
429,بیار ای لعبت ساقی بگو ای کودک مطرب,saadi
430,هر چه زان تلخ‌تر بخواهی گفت,saadi
431,نخفته‌ام ز خیالی که می‌پزد دل من,hafez
432,خرقه زهد مرا آب خرابات ببرد,hafez
433,ندای عشق تو دیشب در اندرون دادند,hafez
434,آن عشوه داد عشق که مفتی ز ره برفت,hafez
435,ماجرای عشق از اول تا به پایان گفته‌اند,saadi
436,گر قلب دلم را ننهد دوست عیاری,saadi
437,ما با توایم و با تو نه‌ایم اینت بلعجب,hafez
438,لعلست یا لبانت قندست یا دهانت,saadi
439,پای سرو بوستانی در گل است,saadi
440,نور ز خورشید جوی بو که برآید,hafez
441,لطیف جوهر و جانی غریب قامت و شکلی,saadi
442,ستاره‌ای بدرخشید و ماه مجلس شد,hafez
443,جلوه بخت تو دل می‌برد از شاه و گدا,hafez
444,چو عقرب دشمنان داری و من با تو چو میزانم,saadi
445, قتل این خسته به شمشیر تو تقدیر نبود,saadi
446,بهشتی صورتی در جوف محمل,saadi
447,کس رد نتواند کرد آن را که تو بگزینی,saadi
448,فتاد و چون من سودازده به سر می‌گشت,saadi
449,دل خود دریغ نیست که از دست من برفت,saadi
450,پروانه راحت بده ای شمع که امشب,saadi
451,جز عهد و وفای تو که محلول نگردد,saadi
452,دیده نگه داشتیم تا نرود دل,saadi
453,سر درس عشق دارد دل دردمند حافظ,hafez
454,برو ای سپر ز پیشم که به جان رسید پیکان,saadi
455,یک بارگی جدا ز کلاه و کمر فتاد,saadi
456,اگر تسبیح می‌فرمود اگر زنار می‌آورد,hafez
457,مغبچه‌ای می‌گذشت راهزن دین و دل,hafez
458,مگر کسی که بود در طبیعتش مجبول,saadi
459, به خاک پای عزیزت که عهد نشکستم,saadi
460,به سمع مردم هشیار در نمی‌گنجد,saadi
461,جوهری عقل در بازار حسن,saadi
462,سرابستان در این موسم چه بندی,saadi
463,بگذار مشک و بوی سر زلف او بیار,hafez
464,به تیغ مرگ شود دست من رها ای دوست,saadi
465,محراب و کمانچه ز دو ابروی تو سازم,hafez
466,گر سر برود در سر سودای ایازم,hafez
467, بیا که رایت منصور پادشاه رسید,hafez
468,انتبه قبل السحر یا ذالمنام,saadi
469,خور ز حکم تو سر نمی‌تابد,saadi
470,به صدر مصطبه بنشین و ساغر می‌نوش,hafez
471,در راه جام و ساقی مه رو نهاده‌ایم,hafez
472,خصم را پای گریز از سر میدان تو نیست,saadi
473,چو مستان جامه را بدرید بر تن,saadi
474,چون خاک شوم باد به گوشت برساند,saadi
475,ما تماشاکنان کوته دست,saadi
476,چنانم در دلی حاضر که جان در جسم و خون در رگ,saadi
477,ذکر سودای زلیخا پیش یوسف کرده‌اند,saadi
478,داعی دولت به هر مقام که هستیم,saadi
479,قدر تو نداند آن کز زجر تو بگریزد,hafez
480,ز کار و بار جهان گر شهیست عار آید,saadi
481,به شکرخنده لبت گفت مزادی طلبیم,hafez
482,دل بر نمک لبت کبابی,saadi
483,نیک نکردی که نکردی وفا,saadi
484,صبا گر چاره داری وقت وقت است,hafez
485,که ناز بر فلک و حکم بر ستاره کنم,hafez
486,محرم راز دل شیدای خود,hafez
487,نخل تناور کند ز دانه خرما,saadi
488,چون دوست گرفتی چه غم از دشمن خونخوار؟,saadi
489,رضا به حکم قضا اختیار کن سعدی,saadi
490,آن که هرگز بر آستانه عشق,saadi
491,صد پیرهن قبا کنم از خرمی اگر,saadi
492,گفتم نهایتی بود این درد عشق را,saadi
493,نیاید هیچ در چشمش به جز خاک سر کویت,saadi
494,که گرد بیهده کم گرد و بیشتر می‌گشت,saadi
495,هیچ است آن دهان و نبینم از او نشان,hafez
496,نماز شام به بام ار کسی نگاه کند,saadi
497,بی ماه مهرافروز خود تا بگذرانم روز خود,hafez
498,مکن که دست برآرم به ربنا ای دوست,saadi
499,در ازل داده‌ست ما را ساقی لعل لبت,hafez
500,مردم از قاتل عمدا بگریزند به جان,saadi
501,اگر چه موی میانت به چون منی نرسد,saadi
502,تشنه لب کردی و گردان را در آب انداختی,hafez
503,که روی چون قمرت شمسه‌ایست پرگاری,saadi
504,فالی به چشم و گوش در این باب می‌زدم,hafez
505,چون نیک بدیدم به حقیقت به از آنی,saadi
506,خال سرسبز تو خوش دانه عیشیست ولی,hafez
507,سعدی اگر زخم خوری غم مخور,saadi
508,بهشت روی من آن لعبت پری رخسار,saadi
509,قدمی که برگرفتی به وفا و عهد یاران,saadi
510,که کند حافظ از او دیده دل نورانی,hafez
511,چه خون که در دلم افتاد همچو جام و نشد,hafez
512,صاد قلبی ما تمشی زاد وجدی ما عبر,saadi
513,پندارم آن که با تو ندارد تعلقی,saadi
514,که من دلشده این ره نه به خود می‌پویم,hafez
515,اگر تو بر دل آشفتگان ببخشایی,saadi
516,آن چنان وهم در تو حیران است,saadi
517,که زهر از کف دست او نوش بود,saadi
518,اگر عداوت و جنگ است در میان عرب,saadi
519,نزدیک من آن است که هر جرم و خطایی,saadi
520,چند شاید به صبر پنهان داشت,saadi
521,چنین که از همه سو دام راه می‌بینم,hafez
522,تو را که هر خم مویی کمند داناییست,saadi
523,این چنین با همه درساخته‌ای یعنی چه,hafez
524,سوگند به جانت ار فروشم,saadi
525,وین بوالعجبی و چشم بندی,saadi
526,ای بادیه هجران تا عشق حرم باشد,saadi
527,باشد کز آن میانه یکی کارگر شود,hafez
528,آفتابیست که در پیش سحابی دارد,hafez
529,در روی زمین دگر نباشد,saadi
530,ندیده‌ام مگر این شیوه از پری آموخت,saadi
531,کس ندانم که در این شهر گرفتار تو نیست,saadi
532,شدم به رغبت خویشش کمین غلام و نشد,hafez
533, بی‌دل گمان مبر که نصیحت کند قبول,saadi
534,صورت خوب آفرید و سیرت زیبا,saadi
535,طوعا و کرها بنده‌ام ناچار فرمان می‌برم,saadi
536,من سالخورده پیر خرابات پرورم,hafez
537,که می‌برد به افق پرچم سپاه ظلام,saadi
538,که بر مجنون رود لیلی طویلست,saadi
539,یا جام باده یا قصه کوتاه,hafez
540,آدم صفت از روضه رضوان به درآیی,hafez
541,هیهات از این خیال محالت که در سر است,saadi
542,وصال توست اگر دل را مرادی هست و مطلوبی,saadi
543,سر ما و در میخانه که طرف بامش,hafez
544,افسر سلطان گل پیدا شد از طرف چمن,hafez
545,که پیش چشم بیمارت بمیرم,hafez
546, در سرای مغان رفته بود و آب زده,hafez
547,کارفرمای قدر می‌کند این من چه کنم,hafez
548,کاول نظر به دیدن او دیده ور شدم,saadi
549,هر جامه که عیار بپوشد کفن است آن,saadi
550,گوش کشیده است از آن گوش به من نمی‌کند,hafez
551,ناگهش سیل فنا نقش امل باطل کرد,hafez
552,شاهدش دیدار و گفتن فتنه اش ابرو و چشم,saadi
553,مصدق دارمت والله اعلم,saadi
554,نشاید کرد و آتش زیر سرپوش,saadi
555,بی‌حاصلست یارا اوقات زندگانی,saadi
556,به هر طریق که باشد اسیر دشمن را,saadi
557,خود نه زبان در دهان عارف مدهوش,saadi
558,هر که این روی ببیند بدهد پشت گریز,saadi
559,که نه قوت گریزست و نه طاقت گزندت,saadi
560,هر چند پیر و خسته دل و ناتوان شدم,hafez
561,ز ما گر طاعت آید شرمساریم,saadi
562,دوشم نوید داد عنایت که حافظا,hafez
563,شیرین لبان نه شیر که شکر مزیده‌اند,saadi
564,ماه و خورشید به منزل چو به امر تو رسند,hafez
565,آوازه درست است که من توبه شکستم,saadi
566,ای سخت کمان سست پیمان,saadi
567,باغبانان به شب از زحمت بلبل چونند,saadi
568,زین در دگر نراند ما را به هیچ بابی,hafez
569,گرم قرار نباشد که داغ هجران است,saadi
570,چون آدمی طمع نکند در سماحتش,saadi
571,قلب رقیق چند بپوشد حدیث عشق,saadi
572,سعدی به خفیه خون جگر خورد بارها,saadi
573,یک دمه دیدار دوست هر دو جهانش بهاست,saadi
574,باور از مات نباشد تو در آیینه نگه کن,saadi
575,آیینه‌ای طلب کن تا روی خود ببینی,saadi
576,بو که از لوح دلت نقش جهالت برود,saadi
577,که مستخلص نمی‌گردد بهاری بی زمستانی,saadi
578,پادشاهی کنم ار سایه به من برفکنی,saadi
579,پدرم نیز بهشت ابد از دست بهشت,hafez
580,چشمی و هزار دانه لولو,saadi
581, ز دلبرم که رساند نوازش قلمی,hafez
582,که پشه‌ای نبرد سنگ آسیایی را,saadi
583,پری رویا چرا پنهان شوی از مردم چشمم,saadi
584,ز اثر رنگ و بوی صحبت اوست,hafez
585,که علم عشق در دفتر نباشد,saadi
586,که سراپای بسوزند من بی سر و پا را,saadi
587,دیوار سرایت را نقاش نمی‌باید,saadi
588,غلام نرگس مست تو تاجدارانند,hafez
589,ساقی به مژدگانی عیش از درم درآی,hafez
590,لقد اطعت ولکن حبه آبی,saadi
591,مگر به درد دلی بازمانده‌ام یا رب,saadi
592,ای که با زلف و رخ یار گذاری شب و روز,hafez
593,داور دین شاه شجاع آن که کرد,hafez
594,مست است یار و یاد حریفان نمی‌کند,hafez
595,تو قلم نیستی که نیشکری,saadi
596,در عالم وصفش به جهانی برسیدم,saadi
597,باز با دلشدگان ناز و عتابی دارد,hafez
598,زهی سوار که صد دل به غمزه‌ای ببری,saadi
599,به شرط آن که ز مجلس سخن به در نرود,saadi
600,ور با تو بود دوزخ در سلسله آویزم,saadi
601,زهر اگر در مذاق من ریزی,saadi
602,با صبا همراه بفرست از رخت گلدسته‌ای,hafez
603,تن آسوده چه داند که دل خسته چه باشد,saadi
604,در آن شمایل مطبوع هیچ نتوان گفت,saadi
605,سوز عشقت ننشاند ز جگر جوش مرا,saadi
606,تا مگر زنده شوم زآن نفس روحانی,saadi
607,وین نباشد مگر آن وقت که رای تو بود,saadi
608,ندیده‌اند مگر دلبران بت رو را,saadi
609,ساقی به دست باش که غم در کمین ماست,hafez
610,وعده از حد بشد و ما نه دو دیدیم و نه یک,hafez
611,به زلف گوی که آیین دلبری بگذار,hafez
612,میان عیب و هنر پیش دوستان کریم,saadi
613, دیر آمدی‌ای نگار سرمست,saadi
614,که حکم آسمان این است اگر سازی و گر سوزی,hafez
615,تو دوستی کن و از دیده مفکنم زنهار,saadi
616,باز بر قامت زیبای تو چالاکترست,saadi
617,نام حافظ گر برآید بر زبان کلک دوست,hafez
618,ای بسا رخ که به خونابه منقش باشد,hafez
619,دوله القی بمن القی بروحی فی الخطر,saadi
620,زنهار سعدی از دل سنگین کافرش,saadi
621,دانی که چیست دولت دیدار یار دیدن,saadi
622,دانند عاقلان که مجانین عشق را,saadi
623,تا در این خرقه ندانی که چه نادرویشم,hafez
624,گر چه لایق نبود دست من و دامن تو,saadi
625,تا دم صبح قیامت نگران خواهد بود,hafez
626,مشکل به دست آرد کسی مانند تو شهباز را,saadi
627,تو خود ای گوهر یک دانه کجایی آخر,saadi
628,که نه این نوبت نخستینست,saadi
629,غبار راه طلب کیمیای بهروزیست,hafez
630,باری غرور از سر بنه و انصاف درد من بده,saadi
631,چو مور افتان و خیزان رفت باید,saadi
632,هر گه که گویم این دل ریشم درست شد,saadi
633,بار یاران بکش که دامن گل,saadi
634,صوفی نظر نبازد جز با چنین حریفی,saadi
635,سواد نامه موی سیاه چون طی شد,hafez
636,که بر گلبن گل سوری چنین زیبا نمی‌باشد,saadi
637,چاره ما هیچ نیست جز سپر انداختن,saadi
638, آخر ای سنگ دل سیم زنخدان تا چند,saadi
639,کاندر ازلم حرز تو بستند به بازوی,saadi
640,تکیه بر عهد تو و باد صبا نتوان کرد,hafez
641,که نه با تیر و کمان در پی او تاخته‌ای,saadi
642,مرا خیال کسی کز خیال بیرونست,saadi
643,چندان که تو می‌خوری ندیدم,saadi
644,مگر شمایل قد نگار من دارد,saadi
645,در همه شهر فراهم ننشست انجمنی,saadi
646,سعدیا بی وجود صحبت یار,saadi
647,مطربا مجلس انس است غزل خوان و سرود,hafez
648,اگر چه در پی ام افتند هر دم انجمنی,hafez
649,بو که صاحب نظری نام تماشا ببرد,saadi
650,وان ستمگر عزم هجران می‌کند,saadi
651,واجب کند که صبر کنی بر جراحتش,saadi
652,که ساقیان کمان ابرویت زنند به تیر,saadi
653,برای وصل گل آمد برون ز بیت حزن,hafez
654,سرمست درآمد از خرابات,saadi
655,که موسم طرب و عیش و ناز و نوش آمد,hafez
656,که با شکردهنان خوش بود سؤال و جواب,saadi
657,علی‌الخصوص که از دست یار زیباخوست,saadi
658,تو هم بازآمدی ناچار و ناکام,saadi
659,دمی با دوست در خلوت به از صد سال در عشرت,hafez
660,من جرب المجرب حلت به الندامه,hafez
661,خنک آن روز که در پای تو جان اندازم,saadi
662,هر چه کوته نظرانند بر ایشان پیمای,saadi
663, واعظان کاین جلوه در محراب و منبر می‌کنند,hafez
664,لیکن این حال محال است که پنهان ماند,saadi
665,بلا بگردد و کام هزارساله برآید,hafez
666,ای که ملامت کنی عارف دیوانه را,saadi
667,چو به منتها رسد گل برود قرار بلبل,saadi
668,سیمرغ ما چه لایق زاغ آشیان توست,hafez
669,مردم زیر زمین رفتن او پندارند,saadi
670,ای دل به هرزه دانش و عمرت به باد رفت,hafez
671,عمر من است زلف تو بو که دراز بینمش,saadi
672,ز من حکایت هجران مپرس در شب وصل,hafez
673,و از انتصاف آصف جم اقتدار هم,hafez
674,هم با تو گر ز دست تو دارم شکایتی,saadi
675,که بی رخ تو فروغ از چراغ دیده ندیدم,hafez
676, دلا بسوز که سوز تو کارها بکند,hafez
677,چون بخت نیک انجام را با ما به کلی صلح شد,saadi
678,بدان شمع خلوتگه پارسایی,hafez
679,در خرقه چو آتش زدی ای عارف سالک,hafez
680,نقش خیالی می‌کشم فال دوامی می‌زنم,hafez
681,ای که با سلسله زلف دراز آمده‌ای,hafez
682,ای خیال ار شبی از رهگذرم برخیزی,saadi
683,عشق و سودا و هوس در سر بماند,saadi
684,همیشه تا که بود متصل مسا و صباح,hafez
685,بیا بیا صنما کز سر پریشانی,hafez
686,تو به حال من مسکین به جفا می‌نگری,saadi
687,عمر به نقد می‌رود در سر گفت و گوی او,saadi
688,همی‌گفت این معما با قرینی,hafez
689,ساکن شود بدیدم و مشتاق‌تر شدم,saadi
690,ساقیان لاابالی در طواف,hafez
691,می دوساله و محبوب چارده ساله,hafez
692,می‌گشتم اندر آن چمن و باغ دم به دم,hafez
693,قصّةُ العشقِ لا انفصام لها,saadi
694,در عهد موسی می‌کند آواز گاو سامری,saadi
695,به دوستی که اگر زهر باشد از دستت,saadi
696,سیر نمی‌شود نظر بس که لطیف منظری,saadi
697, معلمت همه شوخی و دلبری آموخت,saadi
698,به دو چشم تو که گر بی تو برندم به بهشت,saadi
699,مدعیم گر نکنم جان نثار,hafez
700,تا با درخت گل بنشینم به بوی دوست,saadi
701,ور ببندی سر به در بر می‌زند,saadi
702,با طبیب نامحرم حال درد پنهانی,hafez
703,گر شما را نه بس این سود و زیان ما را بس,hafez
704,خاطرت کی رقم فیض پذیرد هیهات,hafez
705,کانجا که ارادت بود انکار نباشد,saadi
706, چه جرم رفت که با ما سخن نمی‌گویی,saadi
707,چه کنم پای بند احسانم,saadi
708,نظر به صفحه اول مکن که تو بر توست,saadi
709,زان جان و دلم همی فکار است,saadi
710,معاف دوست بدارند قتل عمدا را,saadi
711,باز کردند بامداد دری,saadi
712,تا وقت جان سپردنم اندر نظر بود,saadi
713,دلبری برگزیده‌ام که مپرس,hafez
714,ز من چو باد صبا بوی خود دریغ مدار,hafez
715,من با همه جوری از تو خشنودم,saadi
716,بر سر خوان لبت دست چو من درویشی,saadi
717,صفت یوسف نادیده بیان می‌کردند,saadi
718,مذاق حرص و آز ای دل بشو از تلخ و از شورش,hafez
719,به بام قصر برآ و چراغ مه برکن,hafez
720,خوشا کسی که در این راه بی‌حجاب رود,hafez
721, پای سرو بوستانی در گلست,saadi
722,تا در آن آب و هوا نشو و نمایی بکنیم,hafez
723,بزه کردی و نکردند مؤذنان ثوابی,saadi
724,اگر چه روی چو ماهت ندیده‌ام به تمامی,saadi
725,ایمنی از خروش من گر به جهان دراوفتد,saadi
726,به هیچ عارضه شخص تو دردمند مباد,hafez
727,چون نیفتد سخن در افواهم,saadi
728,شکنج گیسوی سنبل ببین به روی سمن,hafez
729,چرا که شیوه آن ترک دل سیه دانست,hafez
730,خفته بر سنجاب شاهی نازنینی را چه غم,hafez
731,دم عیسیست پنداری نسیم باد نوروزی,saadi
732,صلاح ما همه دام ره است و من زین بحث,hafez
733,شیرین بضاعت بر مگس چندان که تندی می‌کند,saadi
734,که نه تنها منم ربوده عشق,saadi
735,مگر آنست که با دوست به پایان آرند,saadi
736,سرو بین کاهنگ صحرا می‌کند,saadi
737,ز عقل اندیشه‌ها زاید که مردم را بفرساید,hafez
738,حاصل آن است که چون طبل تهی پربادم,saadi
739,کیست آن کش سر پیوند تو در خاطر نیست,saadi
740,خفتگان را خبر از محنت بیداران نیست,saadi
741,زمام خاطر بی‌اختیار من دارد,saadi
742,زاهدان معذور داریدم که اینم مذهب است,hafez
743,نتوانم که حکایت کنم الا به حضور,saadi
744,حدیث عقل در ایام پادشاهی عشق,saadi
745,روی تو بازار آفتاب شکسته‌ست,saadi
746,چو زر عزیز وجود است نظم من آری,hafez
747,این بار پرده از سر اسرار برگرفت,saadi
748,به اختیارت اگر صد هزار تیر جفاست,hafez
749,دست از طلب ندارم تا کام من برآید,saadi
750,به بوی زلف و رخت می‌روند و می‌آیند,hafez
751,دلارامی بدین خوبی دریغ ار مهربانستی,hafez
752,تا ندیدی گدای بازارش,saadi
753,دیده فتح ابد عاشق جولان تو باد,hafez
754,شاهد ما را نه هر چشمی چنان بیند که هست,saadi
755,مرا تا نقره باشد می‌فشانم,saadi
756,حافظ اندیشه کن از نازکی خاطر یار,hafez
757,شراب سلسبیل از چشمه نوش,hafez
758,صید بیابان عشق چون بخورد تیر او,saadi
759,کاش باری باغ و بستان را که تحسین می‌کنند,saadi
760,در بند تو افتادم و از جمله برستم,saadi
761,به که دیدن میان اغیارش,saadi
762,وین عجب کان وقت می‌گریم که کس بیدار نیست,saadi
763,من که باشم در آن حرم که صبا,hafez
764,چون رفت نیاید به کمند آن دم و ساعت,saadi
765,زان سوی بحر آتش اگر خوانیم به لطف,hafez
766,من گرفتار کمندم تو چه دانی که سواری,saadi
767,چون بر او باد صبایی می‌زند,saadi
768,چرا که حافظ از این راه رفت و مفلس شد,hafez
769,صورت سنگین دلی کشنده سعدیست,saadi
770,صوفی مجلس که دی جام و قدح می‌شکست,hafez
771,آنست آدمی که در او حسن سیرتی,saadi
772,هر چه خواهی کن که ما را با تو روی جنگ نیست,saadi
773,گویی چه شد کان سروبن با ما نمی‌گوید سخن,hafez
774,تا غباری ننشیند به دل خرم دوست,saadi
775,پرده بردار ای بهار و لاله و نسرین من,hafez
776,که باری من ندیدستم چنین گل در گلستانی,saadi
777,می‌نگفتم سخن در آتش عشق,saadi
778,از آن خوش است که امید رحمت فرداست,hafez
779,دیوان حساب و عرض منشور,saadi
780,آدمی در عالم خاکی نمی‌آید به دست,saadi
781,فریاد سعدی از دل نامهربان دوست,saadi
782,گرت معاونتی دست می‌دهد دریاب,saadi
783,گر باز کنند از شکن زلف تو تابی,saadi
784,گوشوار زر و لعل ار چه گران دارد گوش,hafez
785,تو بدین چشم مست و پیشانی,saadi
786, دولت جان پرورست صحبت آموزگار,saadi
787,که هیچ خلق نبینی به حسن و منظر خویش,saadi
788,درخت دوستی بنشان که کام دل به بار آرد,hafez
789,گفتم از آسیب عشق روی به عالم نهم,saadi
790,طرفه مدار اگر ز دل نعره بیخودی زنم,hafez
791, دریچه‌ای ز بهشتش به روی بگشایی,saadi
792,کار ما همچو سحر با نفسی افتاده‌ست,saadi
793,زین گلبنان هنوز مگر گل نچیده‌اند,saadi
794,هر ساعتی این فتنه نوخاسته از جای,hafez
795,فتنه انگیزی و خون ریزی و خلقی نگرانت,saadi
796,چراغ چون تو نباشد به هیچ خانه ولیکن,saadi
797,خیز و در کاسه زر آب طربناک انداز,hafez
798,زاهد بنگر نشسته دلتنگ,saadi
799,بتا چون غمزه‌ات ناوک فشاند,hafez
800,ای همه شکل تو مطبوع و همه جای تو خوش,saadi
801,امثال تو از صحبت ما ننگ ندارند,saadi
802,حق را به روزگار تو با ما عنایتی,saadi
803,حکمش رسد ولیکن حدی بود جفا را,saadi
804,بی دلی در همه احوال خدا با او بود,hafez
805,گونهٔ زردش دلیل ناله زارش گواست,saadi
806,نتواند که کند دعوی همبالایی,saadi
807, شکست عهد مودت نگار دلبندم,saadi
808,گلبن عیش می‌دمد ساقی گلعذار کو,hafez
809,نوبهار است در آن کوش که خوشدل باشی,hafez
810,من از تو روی نپیچم که شرط عشق آن است,saadi
811,من همی‌کردم دعا و صبح صادق می‌دمید,hafez
812,ز بانگ ناله من گوش چرخ کر می‌گشت,saadi
813,بریده‌اند لطافت چو جامه بر بدنش,saadi
814,فلا تفرد عن روضها انین حمامی,saadi
815,سیاه نامه‌تر از خود کسی نمی‌بینم,hafez
816,دریا در و مرجان بود و هول و مخافت,saadi
817, کس درنیامدست بدین خوبی از دری,saadi
818,میان عاشق و معشوق هیچ حائل نیست,hafez
819,آن که فکرش گره از کار جهان بگشاید,hafez
820,درخت ارغوان روید به جای هر مغیلانی,saadi
821,ای خواجه درد نیست وگرنه طبیب هست,hafez
822,محتسب گو تا ببیند روی دوست,saadi
823,ور شکایت کنم از دست تو پیش که برم,saadi
824,هرک اوفتاد مست محبت ز جام دوست,saadi
825,خطا نگر که دل امید در وفای تو بست,hafez
826,ورت خجالت سرو آرزو کند بخرام,saadi
827,آن سیل که دوش تا کمر بود,hafez
828,شاید که چو وابینی خیر تو در این باشد,hafez
829,چه دشمنی تو که از عشق دست و شمشیرت,saadi
830,به خواب دوش چنان دیدمی که زلفینش,saadi
831,که رفت عمر و هنوزم دماغ پر ز هواست,hafez
832,دور از لب مردمان دون باد,hafez
833,یکی درخت گل اندر فضای خلوت ماست,saadi
834,به صفای دل رندان صبوحی زدگان,hafez
835,چو برشکست صبا زلف عنبرافشانش,saadi
836,فتاد در سر حافظ هوای میخانه,hafez
837,الا ای ترک آتشروی ساقی,saadi
838,دانم که بگذرد ز سر جرم من که او,saadi
839,چو تلخ عیشی من بشنوی به خنده درآی,saadi
840,یک امشبی که در آغوش شاهد شکرم,saadi
841,دلا دلالت خیرت کنم به راه نجات,hafez
842,دمی با همدمی خرم ز جانم بر نمی‌آید,saadi
843,به ترک عشق تو گفتن نه طبع موزونست,saadi
844,چنگ بنواز و بساز ار نبود عود چه باک,hafez
845, ای آفتاب آینه دار جمال تو,hafez
846,حیرت عشاق را عیب کند بی بصر,saadi
847,بروید چون تو سروی بر لب جوی,saadi
848,کشتی عمرم شکسته‌ست از غمش,saadi
849,بسا هوشمندا که در کوی عشق,saadi
850,که هر که بی‌هنر افتد نظر به عیب کند,hafez
851,که زیارتگه رندان جهان خواهد بود,hafez
852,ز آهنین چنگال شاهین غمت,saadi
853,پیش خصم ایستاده چون سپری,saadi
854,دامن دوست به دنیا نتوان داد از دست,saadi
855,دستی به کام دل ز سپهر دغا که برد,hafez
856,مگر در آینه بینی و گر نه در آفاق,saadi
857,سعدیا گفتار شیرین پیش آن کام و دهان,saadi
858,پاکبازان بر شمشیر تو عمدا آیند,saadi
859,گر بکشم زهی طرب ور بکشد زهی شرف,hafez
860,ز ورد نیم شب و درس صبحگاه رسید,hafez
861,جفای عشق تو بر عقل من همان مثل است,saadi
862,کاشکی خاک بودمی در راه,saadi
863,به تیغ هندی دشمن قتال می‌نکند,saadi
864,صحبت حور نخواهم که بود عین قصور,hafez
865,این زمان سر به ره آرم چه حکایت باشد,saadi
866,عیش‌ها دارم در این آتش که بینی دم به دم,saadi
867,ببند یک نفس ای آسمان دریچه صبح,saadi
868,همواره مرا کوی خرابات مقام است,hafez
869,نه بی او می‌توان بودن نه با او می‌توان گفتن,saadi
870,گر ز پیش خود برانی چون سگ از مسجد مرا,saadi
871,به زان که خرقه بر سر زنار می‌کنم,hafez
872,گر به خون تشنه‌ای اینک من و سر باکی نیست,saadi
873,آن گه بگویمت که دو پیمانه درکشم,hafez
874,نثار خاک رهت نقد جان من هر چند,hafez
875,به قهر اگر بستیزد هزار تن بکشد,saadi
876,بند بر پای توقف چه کند گر نکند,saadi
877,تو از غرور جوانی همیشه در خوابی,hafez
878,وز تو بخشایش تو می‌خواهم,saadi
879,یا دل از چنبر عشق تو به من وانرسد,saadi
880,چراغ دولتش نوری ندارد,hafez
881,هر ناله و فریاد که کردم نشنیدی,hafez
882,طمع در آن لب شیرین نکردنم اولی,hafez
883,چون نرود بنده‌وار هر که برندش اسیر,saadi
884,بس غریب افتاده است آن مور خط گرد رخت,hafez
885,که ندانم به خویشتن پرداخت,saadi
886,عمری که بی حضور صراحی و جام رفت,hafez
887,یا ببندد خون از این موضع که سوزن می‌بری,saadi
888,در راه عشق وسوسه اهرمن بسیست,hafez
889,گواهی می‌دهد صورت بر اخلاقش به زیبایی,saadi
890,بلای عشق تو بنیاد زهد و بیخ ورع,saadi
891,پیغام دوستان برسانی بدان پری,saadi
892,همه عالم صنم چین به حکایت گویند,saadi
893,که بر دل است ندانم کدام برگیرم,saadi
894,من از کمند تو اول چو وحش می‌برمیدم,saadi
895,دیده بردوختی از خلق جهان چون بازم,saadi
896,اعتقادی بنما و بگذر بهر خدا,hafez
897,نفس باد صبا مشک فشان خواهد شد,hafez
898,ساقی چمن گل را بی روی تو رنگی نیست,hafez
899,گل بخندید که از راست نرنجیم ولی,hafez
900,گر آن شیرین پسر خونم بریزد,saadi
901,که هم نادیده می‌بینی و هم ننوشته می‌خوانی,hafez
902,هر که روی یاسمین و جعد سنبل بایدش,hafez
903,گر واسطه سخن نبودی,saadi
904,زنهار نگویی این نه نیکوست,saadi
905,گرگ دهن آلوده یوسف ندریده,saadi
906,تو پادشاه کجا یاد پاسبان آری,hafez
907,شمع من روز نیامد که شبم بفروزی,hafez
908,قیمت وصل نداند مگر آزرده هجر,saadi
909,بنشین که به خاطر بگرفتست نشانت,saadi
910,فرخنده آن کسی که به سمع رضا شنید,saadi
911,وز پی دیدن او دادن جان کار من است,hafez
912,حذر کنید ز باران دیده سعدی,saadi
913,دلم در بند تنهایی بفرسود,saadi
914,دست طلب داشتن ز دامن معشوق,saadi
915,که مکدر شود آیینه مهرآیینم,hafez
916,حق نگه دار که من می‌روم الله معک,hafez
917,سیرتی چون صورت مستحسنت,saadi
918, ای سروبالای سهی کز صورت حال آگهی,saadi
919, چشم خدا بر تو ای بدیع شمایل,saadi
920,ره ندیدم چو برفت از نظرم صورت دوست,saadi
921, دو چشم مست تو کز خواب صبح برخیزند,saadi
922,خرم تن او که چون روانش,saadi
923,آتشی بر سرم از داغ جدایی می‌رفت,saadi
924,نرسیدی بگرد جولانت,saadi
925,راز سربسته ما بین که به دستان گفتند,hafez
926,بجز پیشت نخواهم سر نهادن,saadi
927,پس چه فرق از ناطقی تا جامدی,saadi
928,تویی که بر سر خوبان کشوری چون تاج,saadi
929,من و انکار شراب این چه حکایت باشد,hafez
930,ای رقیب این همه سودا مکن و جنگ مجوی,saadi
931,مرا به علت بیگانگی ز خویش مران,saadi
932,عمریست پادشاها کز می تهیست جامم,hafez
933, دست با سرو روان چون نرسد در گردن,saadi
934,به ناز اگر بخرامی جهان خراب کنی,hafez
935,می خور که صد گناه ز اغیار در حجاب,hafez
936,که زاد این صورت منظور محبوب,saadi
937,به راه میکده حافظ خوش از جهان رفتی,hafez
938,پس از چندین تحمل‌ها که زیر بار غم کردی,saadi
939,گو بیامرز که من حامل اوزار تو باشم,saadi
940,یا بگریزم به چه مردانگی,saadi
941,چشم بد را گفتم الحمدی بدم پیرامنش,saadi
942,الا که بریزد استخوانم,saadi
943,نه ممکن است که مثل نگار ما باشد,saadi
944,نتوان مرد به سختی که من این جا زادم,saadi
945,چو نسرین صد گل آرد بار و چون بلبل هزار آرد,hafez
946,همه در سایه گیسوی نگار آخر شد,hafez
947,ربیع العمر فی مرعی حماکم,hafez
948,سبز است در و دشت بیا تا نگذاریم,hafez
949,گر منش دوست ندارم همه کس دارد دوست,saadi
950,برقی از منزل لیلی بدرخشید سحر,hafez
951,با طبع ملولت چه کند دل که نسازد,saadi
952,آن گاه توبه استغفرالله,hafez
953,سروقدی میان انجمنی,saadi
954,نه مرا طاقت غربت نه تو را خاطر قربت,saadi
955,باخبر از درد من الا خبیر,saadi
956,وان که با یار هودجش نظر است,saadi
957,آمد به گوش ناگهم آواز بلبلی,hafez
958,خورشید اگر تو روی نپوشی فرو رود,saadi
959,چو ذکر خیر طلب می‌کنی سخن این است,hafez
960,گفت خود دادی به ما دل حافظا,hafez
961,مداد نیست کز او می‌رود زلال است این,saadi
962,شعری بخوان که با او رطل گران توان زد,hafez
963,ما نیز در رقص آوریم آن سرو سیم اندام را,saadi
964,از بس که دیر ماندی چون شام روزه داران,saadi
965,راحت جان باشد از آن قبضه تیغ,saadi
966,پیل اگر دربند می‌افتد مسخر می‌شود,saadi
967,که هشیاران نیاویزند با مست,saadi
968,این قدر هست که گه گه قدحی می نوشم,hafez
969,انگار که خاک آستانم,saadi
970,آفتاب آسا کند در شب تجلی روی تو,saadi
971,دست رنج تو همان به که شود صرف به کام,saadi
972,در گلستان ارم دوش چو از لطف هوا,hafez
973,اگر نه عقل به مستی فروکشد لنگر,hafez
974,گر مطیع خدمتت را کفر فرمایی بگوید,saadi
975,گر ملامت می‌کنندم ور قیامت می‌شود,saadi
976,که گر هلاک شوی منتی پذیر از دوست,saadi
977,من در پناه لطف تو خواهم گریختن,saadi
978,تا بدیدم ز سنگ سختتری,saadi
979,چون از این غصه ننالیم و چرا نخروشیم,hafez
980,سعدی شیرین زبان این همه شور از کجا,saadi
981,مرا مپرس که چونی به هر صفت که تو خواهی,saadi
982, خلاف سرو را روزی خرامان سوی بستان آی,saadi
983,رفتن آسان بود ار واقف منزل باشی,hafez
984,اگر روم ز پی اش فتنه‌ها برانگیزد,hafez
985,غافل از صوفیان شاهدباز,saadi
986,گر سرو بوستانت بیند که می‌خرامی,saadi
987,سیمرغ چه می‌کند به عصفور,saadi
988,لیکن چه توان کرد که قوت نتوان کرد,hafez
989,گویی دو چشم جادوی عابدفریب او,saadi
990,می‌روی و مقابلی غایب و در تصوری,saadi
991,سعدیا چاره ثباتست و مدارا و تحمل,saadi
992,تا به بستان ضمیرت گل معنی بشکفت,saadi
993,دگر چه چاره که با زورمند برنایند,saadi
994,با بلبلان بی‌دل شیدا مکن غرور,saadi
995, دل من در هوای روی فرخ,hafez
996,تو با این لطف طبع و دلربایی,hafez
997,در این سخن که بخواهند برد دست به دست,saadi
998,جان به هوای کوی او خدمت تن نمی‌کند,hafez
999, مجلس ما دگر امروز به بستان ماند,saadi
1000,پندش مده که جهل در او نیک محکمست,saadi
1001,آن غالیه خط گر سوی ما نامه نوشتی,hafez
1002,محمل بدار ای ساروان تندی مکن با کاروان,saadi
1003,ما حسبت الان الا قد هجم,saadi
1004,چل سال رنج و غصه کشیدیم و عاقبت,hafez
1005,صنم ماست که در هر خم زلفش چینیست,saadi
1006,برگ چشمم می‌نخوشد در زمستان فراقت,saadi
1007,من با کسی افتاده‌ام کز وی نپردازم به کس,saadi
1008,دامن گوهر بیار بر سر مجلس ببار,hafez
1009,نظیر دوست ندیدم اگر چه از مه و مهر,saadi
1010,کوه بنالد به زبان صدا,hafez
1011,بدر تمام روزی در آفتاب رویت,saadi
1012,اسیر خویش گرفتی بکش چنان که تو دانی,saadi
1013,مسند به گلستان بر تا شاهد و ساقی را,hafez
1014,نوبه زهدفروشان گران جان بگذشت,hafez
1015,مزن ز چون و چرا دم که بنده مقبل,hafez
1016,گرت اندیشه می‌باشد ز بدگویان بی معنی,saadi
1017,مهل که روز وفاتم به خاک بسپارند,hafez
1018, صید بیابان عشق چون بخورد تیر او,saadi
1019,ور کسی گفت مگر هم تو زبانش باشی,saadi
1020,شبی خوش هر که می‌خواهد که با جانان به روز آرد,saadi
1021,لبان لعل چون خون کبوتر,saadi
1022,درازنای شب از چشم دردمندان پرس,saadi
1023,صد بار توبه کرد و دگربار می‌کند,saadi
1024,یا لیت شعری حتام القاه,hafez
1025,گو به شیراز آی و خاک من ببوی,saadi
1026,یک بار بگو که کشتهٔ ماست,saadi
1027,که ما را دور کرد از دوستداران,hafez
1028, ز در درآ و شبستان ما منور کن,hafez
1029,ملامت من مسکین کسی کند که نداند,saadi
1030,گر از حدیث تو کوته کنم زبان امید,saadi
1031, یاد باد آن که ز ما وقت سفر یاد نکرد,hafez
1032,که سرفرازی عالم در این کله دانست,hafez
1033,عیدست و آنک ابروی همچون هلال دوست,saadi
1034,کز رقت اندرون ضعیفم چو جام شد,saadi
1035,سهل است تلخی می در جنب ذوق مستی,hafez
1036,همخانه من باشی و همسایه نداند,saadi
1037,ای محتسب از جوان چه خواهی,hafez
1038,که بی وجود شریفت جهان نمی‌بینم,saadi
1039,تهمتی بر شب روان خیل خواب انداختی,hafez
1040,در روی خود تفرج صنع خدای کن,saadi
1041,هر که هوا گرفت و رفت از پی آرزوی دل,hafez
1042,کز منطق آن شکرفشان است,hafez
1043,هر که درمان می‌پذیرد یا نصیحت می‌نیوشد,saadi
1044,خود شرم نمی‌آیدش از ننگ بضاعت,saadi
1045,کی روی ره ز که پرسی چه کنی چون باشی,hafez
1046,لیکن این هست که این نسخه سقیم افتادست,hafez
1047,مرغ عاشق بریده پر باشد,hafez
1048,ای برادر غم عشق آتش نمرود انگار,saadi
1049,تنش درست و دلش شاد باد و خاطر خوش,hafez
1050,مسند خواجگی و مجلس تورانشاهی,hafez
1051,فی الجمله می‌کنی و فرو می‌گذارمت,hafez
1052,پاره گرداند زلیخای صبا,saadi
1053,در دولت خاقان نتوان کرد خلافت,saadi
1054,که بگرفت این شب یلدا ملال از ماه و پروینم,saadi
1055,که عجب دارم اگر تخته به ساحل برود,saadi
1056,بر رخ او نظر از آینه پاک انداز,hafez
1057,اگر چه هر چه جهانت به دل خریدارند,saadi
1058,آن کس که به دست جام دارد,hafez
1059,دعای صبح و آه شب کلید گنج مقصود است,hafez
1060,ور چو پروانه دهد دست فراغ بالی,saadi
1061,که مونس دم صبحم دعای دولت توست,hafez
1062,ما و چراغ چشم و ره انتظار دوست,hafez
1063,یار دیرینه ببینید که با یار چه کرد,hafez
1064,شاهد ما آیتیست وین همه تفسیر او,hafez
1065,گاه گویم که بنالم ز پریشانی حالم,saadi
1066,باشد که گذر باشد یک روز بر آن خاکت,saadi
1067,شرممان باد ز پشمینه آلوده خویش,hafez
1068,چو خود بیاید عذرش بباید آوردن,saadi
1069,به فیض جرعه جام تو تشنه‌ایم ولی,hafez
1070,که نه کاریست شکیبایی و اندهناکی,saadi
1071,اگر خاک وی اندر دیده مالی,saadi
1072,یا رب این آتش که در جان من است,hafez
1073,عزم سبک عنان تو در جنبش آورد,hafez
1074,یا گناهیست که اول من مسکین کردم,saadi
1075,امشب سبکتر می‌زنند این طبل بی‌هنگام را,saadi
1076,کس ندیدست آدمیزاد از تو شیرین‌تر سخن,saadi
1077,نگاه دار سر رشته تا نگه دارد,hafez
1078,دلت نسوخت که مسکین امیدوار منست,saadi
1079,عوام خلق ملامت کنند صوفی را,saadi
1080,که التفات کند کمترین گدایی را,saadi
1081,اگر چه مالک رقی و پادشاه به حقی,saadi
1082,پرده پرهیزکنان می‌دری,saadi
